{
    "features": {
        "mass": -2.0267739004279313e-07,
        "drag_coef": -0.0063607811445641526,
        "accessory_load": -2.4048389893237263e-07,
        "inv_eff": 0.02734573491931531,
        "mass drag_coef": 3.7835696916640896e-07,
        "mass accessory_load": 1.4213148886998983e-11,
        "mass inv_eff": 1.4787184556750171e-06,
        "drag_coef accessory_load": -6.099089275569253e-07,
        "drag_coef inv_eff": 0.07006454026036532,
        "accessory_load inv_eff": 2.062437995708995e-06
    },
    "intercept": 0.00416447555899474,
    "r2": 0.9993791352960654,
    "mape": 0.6511636203586315
}