{
    "features": {
        "mass": -8.991667378638648e-08,
        "drag_coef": 0.0031831041939692924,
        "accessory_load": 1.640580651746323e-06,
        "inv_eff": 0.010701759117617782,
        "mass drag_coef": -5.216885654341431e-08,
        "mass accessory_load": 1.9821696367605668e-12,
        "mass inv_eff": 1.7463182372267053e-06,
        "drag_coef accessory_load": -2.1802675833238162e-07,
        "drag_coef inv_eff": 0.08263804890446239,
        "accessory_load inv_eff": -9.207341148893034e-09
    },
    "intercept": -0.0010467946753474344,
    "r2": 0.9999790914373281,
    "mape": 0.14260325888472256
}