{
    "features": {
        "mass": -1.1184333634512543e-07,
        "drag_coef": 0.002511362956190247,
        "accessory_load": 1.6195686644610044e-06,
        "inv_eff": 0.010424261601307362,
        "mass drag_coef": -4.8401285600209246e-08,
        "mass accessory_load": 2.845632351844235e-12,
        "mass inv_eff": 1.7551353899789993e-06,
        "drag_coef accessory_load": -1.6413450258210314e-07,
        "drag_coef inv_eff": 0.08281834251696914,
        "accessory_load inv_eff": -1.9251800929983517e-08
    },
    "intercept": -0.0003299128388733197,
    "r2": 0.9999780027651168,
    "mape": 0.15321731674402067
}