{
    "features": {
        "mass": -4.772554862177499e-07,
        "drag_coef": 0.04730149892398018,
        "accessory_load": 1.593396278194349e-05,
        "inv_eff": 0.10883029732722416,
        "mass drag_coef": -1.2981449055111095e-06,
        "mass accessory_load": 1.0054401230487228e-13,
        "mass inv_eff": 1.7421652535146148e-05,
        "drag_coef accessory_load": 3.242940122748469e-07,
        "drag_coef inv_eff": 0.8183717224708575,
        "accessory_load inv_eff": -2.918965058206883e-07
    },
    "intercept": -0.022452512214772513,
    "r2": 0.9999707162831017,
    "mape": 0.0937248138514439
}