{
    "features": {
        "mass": -7.970948090553424e-08,
        "drag_coef": 0.0041053919907187006,
        "accessory_load": 1.6476010931839473e-06,
        "inv_eff": 0.0111092005078773,
        "mass drag_coef": -4.954711948780611e-08,
        "mass accessory_load": -7.74805566927661e-13,
        "mass inv_eff": 1.7452990188409314e-06,
        "drag_coef accessory_load": -1.3493948753556986e-07,
        "drag_coef inv_eff": 0.08184781637086282,
        "accessory_load inv_eff": 9.769038816093314e-09
    },
    "intercept": -0.001836004226502902,
    "r2": 0.999987177957047,
    "mape": 0.11483696589866953
}