{
    "features": {
        "mass": -9.085098255178511e-06,
        "drag_coef": 0.08193422798393547,
        "accessory_load": 3.602512870534275e-05,
        "inv_eff": 0.13776816115602059,
        "mass drag_coef": -1.7211295794351475e-06,
        "mass accessory_load": -6.547374671056242e-12,
        "mass inv_eff": 3.684729676780102e-05,
        "drag_coef accessory_load": -3.9699110706532534e-06,
        "drag_coef inv_eff": 0.47684492569718934,
        "accessory_load inv_eff": -8.782847264023741e-07
    },
    "intercept": -0.031186892784533793,
    "r2": 0.999920466052877,
    "mape": 0.2202792731179847
}