{
    "features": {
        "mass": -9.438494365402624e-07,
        "drag_coef": 0.009517360914482019,
        "accessory_load": 3.309292764021008e-06,
        "inv_eff": 0.014849298176297378,
        "mass drag_coef": -7.093298104320346e-08,
        "mass accessory_load": 1.5118190497326262e-12,
        "mass inv_eff": 3.7043759219234144e-06,
        "drag_coef accessory_load": -2.0169344939912496e-08,
        "drag_coef inv_eff": 0.04461748685575708,
        "accessory_load inv_eff": 2.627210821858194e-08
    },
    "intercept": -0.0036577425584072565,
    "r2": 0.9999522564854627,
    "mape": 0.23627169334369805
}