{
    "features": {
        "mass": -9.79658887245714e-06,
        "drag_coef": 0.011947176058852331,
        "accessory_load": 3.1120899620693824e-05,
        "inv_eff": 0.12753750039437267,
        "mass drag_coef": -3.665634933283021e-07,
        "mass accessory_load": -1.158638788103912e-11,
        "mass inv_eff": 3.687987862302968e-05,
        "drag_coef accessory_load": 2.242228576946141e-06,
        "drag_coef inv_eff": 0.4864678760973502,
        "accessory_load inv_eff": 3.911266120108166e-07
    },
    "intercept": 0.01206205034922947,
    "r2": 0.9998956253069785,
    "mape": 0.2519931703977324
}