{
    "features": {
        "mass": -9.027331554425184e-07,
        "drag_coef": 0.0039669125424037785,
        "accessory_load": 3.562349346612581e-06,
        "inv_eff": 0.014123000897758113,
        "mass drag_coef": -6.555351305581767e-08,
        "mass accessory_load": -1.832782631593183e-12,
        "mass inv_eff": 3.6825044148784626e-06,
        "drag_coef accessory_load": -1.677694652036361e-07,
        "drag_coef inv_eff": 0.0485677746193028,
        "accessory_load inv_eff": -9.97079667025552e-08
    },
    "intercept": -0.00268296323179118,
    "r2": 0.9998638845560855,
    "mape": 0.3571099384768928
}