{
    "features": {
        "mass": -1.0790040754022714e-06,
        "drag_coef": 0.007506487973534986,
        "accessory_load": 3.133778604977563e-06,
        "inv_eff": 0.01246021926171008,
        "mass drag_coef": -8.505755540545087e-08,
        "mass accessory_load": 1.5484315218916578e-12,
        "mass inv_eff": 3.7823630574863952e-06,
        "drag_coef accessory_load": -4.833290832086426e-08,
        "drag_coef inv_eff": 0.04613331972224618,
        "accessory_load inv_eff": 5.650222663074953e-08
    },
    "intercept": 0.0008832345022171117,
    "r2": 0.9998621077022882,
    "mape": 0.2632359513554678
}