{
    "features": {
        "mass": -8.278766934336551e-07,
        "drag_coef": 0.006635038566596144,
        "accessory_load": 3.115545327000259e-06,
        "inv_eff": 0.014358189118211741,
        "mass drag_coef": -7.696675868478704e-08,
        "mass accessory_load": -4.597316451138145e-12,
        "mass inv_eff": 3.650458158986761e-06,
        "drag_coef accessory_load": -6.016573859495966e-08,
        "drag_coef inv_eff": 0.04679636440547692,
        "accessory_load inv_eff": 1.8487161927836847e-07
    },
    "intercept": -0.003316326176430462,
    "r2": 0.9999507198662012,
    "mape": 0.2678323004723681
}