{
    "features": {
        "mass": -3.7686363168403987e-07,
        "drag_coef": -0.015163111407841531,
        "accessory_load": -1.2509037712945966e-06,
        "inv_eff": 0.022612283751882033,
        "mass drag_coef": 5.804206888637606e-07,
        "mass accessory_load": 1.0320780688410913e-11,
        "mass inv_eff": 1.5378337677744711e-06,
        "drag_coef accessory_load": -1.2285370524140275e-06,
        "drag_coef inv_eff": 0.07263636786578934,
        "accessory_load inv_eff": 2.6841119969184575e-06
    },
    "intercept": 0.015088790720619166,
    "r2": 0.9994379851336794,
    "mape": 0.5831246230550382
}