{
    "features": {
        "mass": -4.4977465419254354e-07,
        "drag_coef": -0.012973606687430729,
        "accessory_load": -4.660197476041092e-07,
        "inv_eff": 0.07679328140353958,
        "mass drag_coef": 8.755587656746678e-07,
        "mass accessory_load": 5.468585653756186e-12,
        "mass inv_eff": 1.3542799755722146e-06,
        "drag_coef accessory_load": -2.554642928832106e-07,
        "drag_coef inv_eff": 0.056280180416571284,
        "accessory_load inv_eff": 9.962281613654556e-07
    },
    "intercept": 0.008574172495313781,
    "r2": 0.9979563239850289,
    "mape": 0.6656293302457745
}