{
    "features": {
        "mass": -4.3585552465075996e-07,
        "drag_coef": -0.019855292833104905,
        "accessory_load": -7.444403544571919e-08,
        "inv_eff": 0.02507519134347244,
        "mass drag_coef": 5.665967628065246e-07,
        "mass accessory_load": -1.846023334195479e-12,
        "mass inv_eff": 1.5768349245955607e-06,
        "drag_coef accessory_load": 1.1927125037288585e-06,
        "drag_coef inv_eff": 0.07208964336229147,
        "accessory_load inv_eff": 1.7628419054481964e-06
    },
    "intercept": 0.011990372420275952,
    "r2": 0.9994613462443451,
    "mape": 0.3687739396601354
}