{
    "features": {
        "mass": -4.5884259391546763e-07,
        "drag_coef": -0.015404451520687442,
        "accessory_load": -1.7104615210841297e-06,
        "inv_eff": 0.07607471642602019,
        "mass drag_coef": 7.015477863648737e-07,
        "mass accessory_load": 1.067853271086161e-11,
        "mass inv_eff": 1.3763947814984447e-06,
        "drag_coef accessory_load": 1.5828575589229586e-06,
        "drag_coef inv_eff": 0.055749348642833374,
        "accessory_load inv_eff": 1.0766269701242686e-06
    },
    "intercept": 0.013271804825275069,
    "r2": 0.99936115982725,
    "mape": 0.45824965489359776
}