{
    "features": {
        "mass": -4.483063529810844e-08,
        "drag_coef": -0.030825167572912284,
        "accessory_load": 6.020455729333991e-07,
        "inv_eff": 0.1875140338617138,
        "mass drag_coef": -9.626742512168331e-08,
        "mass accessory_load": 5.701731468726759e-11,
        "mass inv_eff": 2.3972992645201813e-06,
        "drag_coef accessory_load": -1.1191978807849486e-06,
        "drag_coef inv_eff": 0.05010694118863217,
        "accessory_load inv_eff": 1.6205325096180304e-07
    },
    "intercept": 0.012126386140061451,
    "r2": 0.9967020427219019,
    "mape": 0.7854230386222929
}