{
    "features": {
        "mass": -4.803849232112526e-07,
        "drag_coef": -0.026666636515864116,
        "accessory_load": -1.7436186645272336e-06,
        "inv_eff": 0.17891674498282092,
        "mass drag_coef": 5.9452040566496596e-08,
        "mass accessory_load": -4.292293950824977e-11,
        "mass inv_eff": 2.757727108619576e-06,
        "drag_coef accessory_load": 2.4424105517462114e-06,
        "drag_coef inv_eff": 0.042736189978607154,
        "accessory_load inv_eff": 1.4649940741898815e-06
    },
    "intercept": 0.02738327865975354,
    "r2": 0.9972807361009284,
    "mape": 0.8057441997146941
}