{
    "features": {
        "mass": -1.468626612706297e-07,
        "drag_coef": -0.01410422654592328,
        "accessory_load": -8.404723388071804e-07,
        "inv_eff": 0.07927446671147441,
        "mass drag_coef": 4.1324408426464454e-07,
        "mass accessory_load": 2.0780713419707203e-11,
        "mass inv_eff": 1.2794981614687758e-06,
        "drag_coef accessory_load": 1.5203922227805473e-06,
        "drag_coef inv_eff": 0.05873375848301539,
        "accessory_load inv_eff": 5.778557144746313e-07
    },
    "intercept": 0.0033758776156500026,
    "r2": 0.9985790653041968,
    "mape": 0.6149075970512302
}