{
    "features": {
        "mass": -1.0224349706474976e-06,
        "drag_coef": -0.016133608218666783,
        "accessory_load": 2.441292667184979e-06,
        "inv_eff": 0.19459286293264702,
        "mass drag_coef": 1.3395659801558681e-06,
        "mass accessory_load": 7.18905282526272e-11,
        "mass inv_eff": 2.528552529690026e-06,
        "drag_coef accessory_load": -3.938207932316264e-06,
        "drag_coef inv_eff": 0.03624837452913314,
        "accessory_load inv_eff": -1.3366477588156865e-07
    },
    "intercept": 0.004000546821825268,
    "r2": 0.9959007450761789,
    "mape": 0.8553310706966223
}