{
    "features": {
        "mass": -2.5039381203739615e-07,
        "drag_coef": -0.009925861770133198,
        "accessory_load": -1.9401667585131313e-06,
        "inv_eff": 0.07726353478565276,
        "mass drag_coef": 5.311642535473092e-07,
        "mass accessory_load": 1.1587083901549984e-11,
        "mass inv_eff": 1.318049875282762e-06,
        "drag_coef accessory_load": 1.6601416027183482e-06,
        "drag_coef inv_eff": 0.0550226703543438,
        "accessory_load inv_eff": 1.170955139397382e-06
    },
    "intercept": 0.008568627790971783,
    "r2": 0.9993154179870614,
    "mape": 0.36167666567193174
}