{
    "features": {
        "mass": -2.234983897034967e-07,
        "drag_coef": -0.01211208820171699,
        "accessory_load": -4.346314427150917e-07,
        "inv_eff": 0.02561235692787954,
        "mass drag_coef": 3.637066759162334e-07,
        "mass accessory_load": 1.1878831251976862e-11,
        "mass inv_eff": 1.50019807245378e-06,
        "drag_coef accessory_load": -2.301293272485693e-07,
        "drag_coef inv_eff": 0.07242820115421073,
        "accessory_load inv_eff": 2.0915359120968104e-06
    },
    "intercept": 0.0077902523525564815,
    "r2": 0.9986440835479196,
    "mape": 0.547273635097196
}