{
    "features": {
        "mass": 2.5925417448385936e-08,
        "drag_coef": 0.001591835038107541,
        "accessory_load": -5.431092991978148e-08,
        "inv_eff": 0.0049875825623573854,
        "mass drag_coef": -5.64316003059926e-08,
        "mass accessory_load": 7.262367790472624e-13,
        "mass inv_eff": 5.358470373519067e-07,
        "drag_coef accessory_load": -3.7360495000277556e-08,
        "drag_coef inv_eff": 0.02294774046391189,
        "accessory_load inv_eff": 9.625903120941885e-07
    },
    "intercept": -0.000636451949882072,
    "r2": 0.9996977734640824,
    "mape": 0.4941761299021946
}