{
    "features": {
        "mass": 2.4987454408862714e-08,
        "drag_coef": 0.001250820830290727,
        "accessory_load": -5.264616383100921e-08,
        "inv_eff": 0.005068703932754645,
        "mass drag_coef": -2.5256150212185842e-09,
        "mass accessory_load": 4.0268829937240014e-13,
        "mass inv_eff": 5.228617698432501e-07,
        "drag_coef accessory_load": -7.2603435016057e-08,
        "drag_coef inv_eff": 0.023020631452439485,
        "accessory_load inv_eff": 9.626632371643029e-07
    },
    "intercept": -0.0006049322501916754,
    "r2": 0.9993163719791633,
    "mape": 0.5462349351167365
}