{
    "features": {
        "mass": -3.8750278857676395e-08,
        "drag_coef": -0.0008234591120323556,
        "accessory_load": 2.4186177113888147e-07,
        "inv_eff": 0.004267665973068868,
        "mass drag_coef": 7.853794844988327e-08,
        "mass accessory_load": -8.246068006153024e-12,
        "mass inv_eff": 5.675944048262685e-07,
        "drag_coef accessory_load": -9.97556770566723e-08,
        "drag_coef inv_eff": 0.023070384543497878,
        "accessory_load inv_eff": 9.054317533609559e-07
    },
    "intercept": 0.0005877372650159654,
    "r2": 0.9993033031557423,
    "mape": 0.6666667237293882
}