{
    "features": {
        "mass": -1.7691042897929003e-08,
        "drag_coef": -0.0005828452267047646,
        "accessory_load": 1.6736785287877895e-08,
        "inv_eff": 0.004308419553300808,
        "mass drag_coef": 3.6725466730471376e-08,
        "mass accessory_load": -3.0534605705731884e-12,
        "mass inv_eff": 5.48595509865123e-07,
        "drag_coef accessory_load": -1.2718233249156056e-07,
        "drag_coef inv_eff": 0.023428252048419137,
        "accessory_load inv_eff": 9.89454147971456e-07
    },
    "intercept": 0.0007423673967854177,
    "r2": 0.999707196433374,
    "mape": 0.4618843415758982
}