{
    "features": {
        "mass": 7.273880231722319e-08,
        "drag_coef": -0.001192692524350497,
        "accessory_load": 1.561772156688241e-07,
        "inv_eff": 0.011387576929819135,
        "mass drag_coef": -3.8408860746152116e-08,
        "mass accessory_load": -1.4367431780732046e-11,
        "mass inv_eff": 1.0326001406808404e-06,
        "drag_coef accessory_load": 1.0375478608371847e-07,
        "drag_coef inv_eff": 0.014273461736393664,
        "accessory_load inv_eff": 1.9122560983083595e-06
    },
    "intercept": -0.0005766473098291203,
    "r2": 0.992824369523688,
    "mape": 2.3375607543076438
}