{
    "features": {
        "mass": -4.186155309658857e-08,
        "drag_coef": -0.017610208098249237,
        "accessory_load": 5.598834453094737e-07,
        "inv_eff": 0.009554032459568115,
        "mass drag_coef": 2.3116167762658662e-08,
        "mass accessory_load": -7.824025844514225e-12,
        "mass inv_eff": 1.0814543078282946e-06,
        "drag_coef accessory_load": 1.1915148270460962e-06,
        "drag_coef inv_eff": 0.020668368987203138,
        "accessory_load inv_eff": 1.2981316591858897e-06
    },
    "intercept": 0.00514660430209668,
    "r2": 0.9966816172962992,
    "mape": 1.9292048920979985
}