{
    "features": {
        "mass": 5.235983093164452e-08,
        "drag_coef": -0.020604310369545048,
        "accessory_load": -5.150107347289655e-07,
        "inv_eff": 0.015483026945672508,
        "mass drag_coef": 2.687620818342993e-07,
        "mass accessory_load": 1.55786826590584e-11,
        "mass inv_eff": 8.93878150994084e-07,
        "drag_coef accessory_load": 1.3498206428261888e-06,
        "drag_coef inv_eff": 0.01955144864337848,
        "accessory_load inv_eff": 1.491684552537848e-06
    },
    "intercept": 0.0005534642385671418,
    "r2": 0.9913128894394692,
    "mape": 2.5710669395893495
}