{
    "features": {
        "mass": -3.7400013094109185e-09,
        "drag_coef": -0.002220873611902042,
        "accessory_load": 3.4722299373547724e-07,
        "inv_eff": 0.009623380448072616,
        "mass drag_coef": -8.479820320177749e-09,
        "mass accessory_load": -1.0768100903029695e-11,
        "mass inv_eff": 1.0687726126601106e-06,
        "drag_coef accessory_load": -1.9936375213404094e-07,
        "drag_coef inv_eff": 0.01650877408787503,
        "accessory_load inv_eff": 1.783903309811134e-06
    },
    "intercept": 0.0013864152819113018,
    "r2": 0.9950501300399407,
    "mape": 1.7705186655138003
}