{
    "features": {
        "mass": -1.288013249531516e-07,
        "drag_coef": -0.00935588948406206,
        "accessory_load": -3.863738829512069e-07,
        "inv_eff": 0.00754255187018843,
        "mass drag_coef": -9.204913846878136e-08,
        "mass accessory_load": -6.5549614347570895e-12,
        "mass inv_eff": 1.1555543947248865e-06,
        "drag_coef accessory_load": 9.343254264987096e-07,
        "drag_coef inv_eff": 0.017607072290352237,
        "accessory_load inv_eff": 1.7949391989600204e-06
    },
    "intercept": 0.008077674598759438,
    "r2": 0.9971722883797814,
    "mape": 2.018543429813418
}