{
    "features": {
        "mass": -2.0462482885465381e-07,
        "drag_coef": -0.004183202390381092,
        "accessory_load": 6.866504347214619e-07,
        "inv_eff": 0.011915866399752284,
        "mass drag_coef": 1.212580753574467e-07,
        "mass accessory_load": -9.945872250782806e-13,
        "mass inv_eff": 1.1415478413356142e-06,
        "drag_coef accessory_load": 5.853002025299987e-07,
        "drag_coef inv_eff": 0.01323989902348969,
        "accessory_load inv_eff": 1.2338041213515392e-06
    },
    "intercept": 0.001435394245107413,
    "r2": 0.9916186613503942,
    "mape": 1.9099429875896197
}