{
    "features": {
        "mass": -2.594519666464277e-07,
        "drag_coef": -0.0370425434363328,
        "accessory_load": -2.897561186452405e-06,
        "inv_eff": 0.06828357900902006,
        "mass drag_coef": -3.1130594361147684e-07,
        "mass accessory_load": 3.4865030841545914e-11,
        "mass inv_eff": 2.773519439141054e-06,
        "drag_coef accessory_load": 3.6346191602461884e-06,
        "drag_coef inv_eff": 0.050282605418267436,
        "accessory_load inv_eff": 4.639526404518459e-06
    },
    "intercept": 0.0261997908579501,
    "r2": 0.9923039149605241,
    "mape": 1.4604409723698653
}