{
    "features": {
        "mass": 7.435461317950325e-09,
        "drag_coef": 0.053729638968150764,
        "accessory_load": 6.603446368053914e-07,
        "inv_eff": 0.07108118482771701,
        "mass drag_coef": -1.4149666387372516e-07,
        "mass accessory_load": -8.681915475224175e-11,
        "mass inv_eff": 2.9490892086559505e-06,
        "drag_coef accessory_load": -1.3790513158387892e-06,
        "drag_coef inv_eff": 0.018491903435593607,
        "accessory_load inv_eff": 5.992620821876015e-06
    },
    "intercept": -0.014486903627378034,
    "r2": 0.9986769233597507,
    "mape": 0.7159834376556593
}