{
    "features": {
        "mass": 1.1283827403270281e-07,
        "drag_coef": -0.01348132901539762,
        "accessory_load": 1.8554335641139222e-06,
        "inv_eff": 0.05544076799272901,
        "mass drag_coef": 6.727435527929558e-07,
        "mass accessory_load": -1.730236613706193e-11,
        "mass inv_eff": 1.2168534101137247e-06,
        "drag_coef accessory_load": 2.207380830908785e-06,
        "drag_coef inv_eff": 0.062049198085282954,
        "accessory_load inv_eff": 1.5322148845236956e-06
    },
    "intercept": -0.010658067024605478,
    "r2": 0.9959911708019602,
    "mape": 0.7887016235892339
}