{
    "features": {
        "mass": 5.993549615344847e-07,
        "drag_coef": -0.014621937892157941,
        "accessory_load": -7.850162975080317e-07,
        "inv_eff": 0.0708377587118681,
        "mass drag_coef": -2.1680628949207623e-07,
        "mass accessory_load": -6.992666938151261e-11,
        "mass inv_eff": 2.6199990475817595e-06,
        "drag_coef accessory_load": 1.2103602548967785e-06,
        "drag_coef inv_eff": 0.043125528449696256,
        "accessory_load inv_eff": 5.767039709853245e-06
    },
    "intercept": -0.0014094961277440476,
    "r2": 0.9983846226735049,
    "mape": 0.9033844491945223
}