{
    "features": {
        "mass": 5.427865802727084e-07,
        "drag_coef": -0.022020149191819823,
        "accessory_load": 2.2729932912228717e-06,
        "inv_eff": 0.07214922023423315,
        "mass drag_coef": 5.8379999362219366e-08,
        "mass accessory_load": -6.945354708021156e-11,
        "mass inv_eff": 2.5890959658529046e-06,
        "drag_coef accessory_load": 4.993208833644853e-07,
        "drag_coef inv_eff": 0.04740530028996953,
        "accessory_load inv_eff": 4.470137970873559e-06
    },
    "intercept": -0.0045873189313225815,
    "r2": 0.993016598285687,
    "mape": 1.362042300263062
}