{
    "features": {
        "mass": 4.513081872537281e-08,
        "drag_coef": -0.006879786111814489,
        "accessory_load": 6.926757515213509e-07,
        "inv_eff": 0.05743082888462836,
        "mass drag_coef": 8.898061769699331e-07,
        "mass accessory_load": -3.9725187549188856e-11,
        "mass inv_eff": 1.2421328809399484e-06,
        "drag_coef accessory_load": 3.8191790398154645e-06,
        "drag_coef inv_eff": 0.05102135897257896,
        "accessory_load inv_eff": 2.093862966427665e-06
    },
    "intercept": -0.010527436773538845,
    "r2": 0.9971855785840954,
    "mape": 0.9132561923253327
}