{
    "features": {
        "mass": -1.397921061652867e-07,
        "drag_coef": -0.0019357299503386923,
        "accessory_load": 5.742892035460796e-07,
        "inv_eff": 0.028761854442178516,
        "mass drag_coef": 3.1715843181116967e-07,
        "mass accessory_load": 3.8876670979681727e-14,
        "mass inv_eff": 1.4915679773634797e-06,
        "drag_coef accessory_load": -7.483341661531972e-07,
        "drag_coef inv_eff": 0.06862679764538719,
        "accessory_load inv_eff": 1.7359511692400898e-06
    },
    "intercept": -2.023867520539735e-05,
    "r2": 0.999157800203204,
    "mape": 0.4963931874920021
}