{
    "features": {
        "mass": 2.282955932833317e-08,
        "drag_coef": 0.007709596120778182,
        "accessory_load": -2.392501433011852e-07,
        "inv_eff": 0.058676215794488715,
        "mass drag_coef": 8.163184248888734e-07,
        "mass accessory_load": 9.036712380112059e-12,
        "mass inv_eff": 1.1826771856967158e-06,
        "drag_coef accessory_load": 1.63566697352512e-06,
        "drag_coef inv_eff": 0.04912951705162224,
        "accessory_load inv_eff": 2.4285153426801985e-06
    },
    "intercept": -0.013450092175747275,
    "r2": 0.998264943727873,
    "mape": 0.8806610431832843
}