{
    "features": {
        "mass": -2.4083866388572917e-07,
        "drag_coef": -0.0029249995151240256,
        "accessory_load": 2.8244433440411553e-06,
        "inv_eff": 0.04991051664020039,
        "mass drag_coef": 8.711322438870488e-07,
        "mass accessory_load": -2.6299622688867323e-11,
        "mass inv_eff": 1.320908066272321e-06,
        "drag_coef accessory_load": -2.082861727260309e-06,
        "drag_coef inv_eff": 0.06320389533314884,
        "accessory_load inv_eff": 2.0752317863668796e-06
    },
    "intercept": -0.003868600786825993,
    "r2": 0.9985998451337597,
    "mape": 0.8860737309217749
}