{
    "features": {
        "mass": -1.0049812086518185e-07,
        "drag_coef": -0.015070294370344467,
        "accessory_load": -6.096390536868778e-07,
        "inv_eff": 0.0672830723062669,
        "mass drag_coef": 1.6185067085517238e-07,
        "mass accessory_load": -2.0461811064964586e-11,
        "mass inv_eff": 2.742244357567675e-06,
        "drag_coef accessory_load": 5.941541967784342e-07,
        "drag_coef inv_eff": 0.04037617414058824,
        "accessory_load inv_eff": 5.340425597518102e-06
    },
    "intercept": 0.01531822830338686,
    "r2": 0.9954088724850795,
    "mape": 1.2598746031483468
}