{
    "features": {
        "mass": 4.7712925373571225e-06,
        "drag_coef": -0.032446601995871606,
        "accessory_load": -3.1681546302995294e-06,
        "inv_eff": -0.013290623648453867,
        "mass drag_coef": 7.138605044444315e-06,
        "mass accessory_load": 2.612935284806994e-10,
        "mass inv_eff": -1.0013106208106478e-08,
        "drag_coef accessory_load": -7.804687762018887e-06,
        "drag_coef inv_eff": 0.019136065068347998,
        "accessory_load inv_eff": 1.3116357277361711e-06
    },
    "intercept": -0.0481674332531916,
    "r2": 0.9756949380018242,
    "mape": 112.04988722350674
}