{
    "features": {
        "mass": -2.340933626806129e-07,
        "drag_coef": -0.0007204922092735539,
        "accessory_load": 2.9151023193949913e-06,
        "inv_eff": 0.0297211247102135,
        "mass drag_coef": 1.1894466551303728e-05,
        "mass accessory_load": 1.1065494657722108e-11,
        "mass inv_eff": 6.496177299296597e-08,
        "drag_coef accessory_load": 7.445851175117415e-06,
        "drag_coef inv_eff": -0.04175688406927049,
        "accessory_load inv_eff": -1.8283223508408012e-06
    },
    "intercept": -0.0847543615328994,
    "r2": 0.9745623458424183,
    "mape": 1857.7748321166823
}